/**QUESADILLAS**/
 
INSERT INTO antojitos(nombre,sabor,descripcion,precio,Foto) VALUES ('Quesadilla','Natural','Tortilla artesanal hecha a mano',29,'');
INSERT INTO antojitos(nombre,sabor,descripcion,precio,Foto) VALUES ('Quesadilla','Barbacoa','Tortilla artesanal hecha a mano',35,'');
INSERT INTO antojitos(nombre,sabor,descripcion,precio,Foto) VALUES ('Quesadilla','Cochinita','Tortilla artesanal hecha a mano',35,'');
INSERT INTO antojitos(nombre,sabor,descripcion,precio,Foto) VALUES ('Quesadilla','Tinga de pollo','Tortilla artesanal hecha a mano',32,'');
INSERT INTO antojitos(nombre,sabor,descripcion,precio,Foto) VALUES ('Quesadilla','Combinada','Tortilla artesanal hecha a mano',35,'');
INSERT INTO antojitos(nombre,sabor,descripcion,precio,Foto) VALUES ('Quesadilla','Champiñones','Tortilla artesanal hecha a mano',32,'');
INSERT INTO antojitos(nombre,sabor,descripcion,precio,Foto) VALUES ('Quesadilla','Picadillo','Tortilla artesanal hecha a mano',32,'');
INSERT INTO antojitos(nombre,sabor,descripcion,precio,Foto) VALUES ('Quesadilla','Rajas','Tortilla artesanal hecha a mano',32,'');
INSERT INTO antojitos(nombre,sabor,descripcion,precio,Foto) VALUES ('Quesadilla','Papas c/Chorizo','Tortilla artesanal hecha a mano',32,'');
INSERT INTO antojitos(nombre,sabor,descripcion,precio,Foto) VALUES ('Quesadilla','Nopales','Tortilla artesanal hecha a mano',32,'');
INSERT INTO antojitos(nombre,sabor,descripcion,precio,Foto) VALUES ('Quesadilla','Chichalon prensado','Tortilla artesanal hecha a mano',32,'');
INSERT INTO antojitos(nombre,sabor,descripcion,precio,Foto) VALUES ('Quesadilla','Pansita','Tortilla artesanal hecha a mano',40,'');
INSERT INTO antojitos(nombre,sabor,descripcion,precio,Foto) VALUES ('Quesadilla','Pastor','Tortilla artesanal hecha a mano',40,'');
INSERT INTO antojitos(nombre,sabor,descripcion,precio,Foto) VALUES ('Quesadilla','Arrachera','Tortilla artesanal hecha a mano',55,'');
INSERT INTO antojitos(nombre,sabor,descripcion,precio,Foto) VALUES ('Quesadilla','Chuleta','Tortilla artesanal hecha a mano',55,'');
INSERT INTO antojitos(nombre,sabor,descripcion,precio,Foto) VALUES ('Quesadilla','Especial','Tortilla artesanal hecha a mano',60,'');

/**ALAMBRES**/

INSERT INTO antojitos(nombre,sabor,descripcion,precio,Foto) VALUES ('Alambre','Pastor','Contiene queso, chile, morron, flijores, cebolla',90,'');
INSERT INTO antojitos(nombre,sabor,descripcion,precio,Foto) VALUES ('Alambre','Chuleta','Contiene queso, chile, morron, flijores, cebolla',100,'');
INSERT INTO antojitos(nombre,sabor,descripcion,precio,Foto) VALUES ('Alambre','Arrachera','Contiene queso, chile, morron, flijores, cebolla',105,'');

/**ESPECIALIDADES**/

INSERT INTO antojitos(nombre,sabor,descripcion,precio,Foto) VALUES ('Especialidad','Consome de Barbacoa','',80,'');
INSERT INTO antojitos(nombre,sabor,descripcion,precio,Foto) VALUES ('Especialidad','Consome chico','',60,'');
INSERT INTO antojitos(nombre,sabor,descripcion,precio,Foto) VALUES ('Especialidad','Pancita','',80,'');
INSERT INTO antojitos(nombre,sabor,descripcion,precio,Foto) VALUES ('Especialidad','Posole','Solo jueves',49,'');
INSERT INTO antojitos(nombre,sabor,descripcion,precio,Foto) VALUES ('Especialidad','Pancita chica','',60,'');

/**TACOS**/

INSERT INTO antojitos(nombre,sabor,descripcion,precio,Foto) VALUES ('Taco','Barbacoa','Tortilla de maiz Con queso mas $2, Tortilla de harina mas $5 y con ambos mas $7 ',20,'');
INSERT INTO antojitos(nombre,sabor,descripcion,precio,Foto) VALUES ('Taco','Cochinita ','Tortilla de maiz Con queso mas $2, Tortilla de harina mas $5 y con ambos mas $7 ',20,'');
INSERT INTO antojitos(nombre,sabor,descripcion,precio,Foto) VALUES ('Taco','Pastor','Tortilla de maiz Con queso mas $2, Tortilla de harina mas $5 y con ambos mas $7 ',20,'');
INSERT INTO antojitos(nombre,sabor,descripcion,precio,Foto) VALUES ('Taco','Chorizo','Tortilla de maiz Con queso mas $2, Tortilla de harina mas $5 y con ambos mas $7 ',20,'');
INSERT INTO antojitos(nombre,sabor,descripcion,precio,Foto) VALUES ('Taco','Arrachera','Con queso mas $5',28,'');
INSERT INTO antojitos(nombre,sabor,descripcion,precio,Foto) VALUES ('Taco','Chuleta','Con queso mas $5',28,'');
INSERT INTO antojitos(nombre,sabor,descripcion,precio,Foto) VALUES ('Taco','Combinados','Los guisados',25,'');

/**GRINGAS**/

INSERT INTO antojitos(nombre,sabor,descripcion,precio,Foto) VALUES ('Gringa','Pastor','',55,'');
INSERT INTO antojitos(nombre,sabor,descripcion,precio,Foto) VALUES ('Gringa','Arrachera','',70,'');
INSERT INTO antojitos(nombre,sabor,descripcion,precio,Foto) VALUES ('Gringa','Chuleta','',70,'');
INSERT INTO antojitos(nombre,sabor,descripcion,precio,Foto) VALUES ('Gringa','Campechana','',77,'');

/**Torta**/

INSERT INTO antojitos(nombre,sabor,descripcion,precio,Foto) VALUES ('Torta','Barbacoa','Con queso mas $10',65,'');
INSERT INTO antojitos(nombre,sabor,descripcion,precio,Foto) VALUES ('Torta','Pastor','Con queso mas $10',65,'');
INSERT INTO antojitos(nombre,sabor,descripcion,precio,Foto) VALUES ('Torta','Cochinita','Con queso mas $10',65,'');
INSERT INTO antojitos(nombre,sabor,descripcion,precio,Foto) VALUES ('Torta','Arrachera','Con queso mas $10',75,'');
INSERT INTO antojitos(nombre,sabor,descripcion,precio,Foto) VALUES ('Torta','Chuleta','Con queso mas $10',75,'');

/**COSTRAS**/

INSERT INTO mas_comidas(nombre,sabor,descripcion,precio,Foto) VALUES ('Costra','Pastor','',60,'');
INSERT INTO mas_comidas(nombre,sabor,descripcion,precio,Foto) VALUES ('Costra','Chicarron','',60,'');
INSERT INTO mas_comidas(nombre,sabor,descripcion,precio,Foto) VALUES ('Costra','Cochinita','',60,'');
INSERT INTO mas_comidas(nombre,sabor,descripcion,precio,Foto) VALUES ('Costra','Arrachera','',80,'');
INSERT INTO mas_comidas(nombre,sabor,descripcion,precio,Foto) VALUES ('Costra','Chuleta','',80,'');

/**Quesos fundidos**/

INSERT INTO mas_comidas(nombre,sabor,descripcion,precio,Foto) VALUES ('Queso','Fundido','',67,'');
INSERT INTO mas_comidas(nombre,sabor,descripcion,precio,Foto) VALUES ('Queso','Champiqueso','',75,'');
INSERT INTO mas_comidas(nombre,sabor,descripcion,precio,Foto) VALUES ('Queso','Choriqueso','',75,'');
INSERT INTO mas_comidas(nombre,sabor,descripcion,precio,Foto) VALUES ('Queso','Arraqueso','',80,'');
INSERT INTO mas_comidas(nombre,sabor,descripcion,precio,Foto) VALUES ('Queso','Chulequeso','',80,'');

/**Nachos**/

INSERT INTO mas_comidas(nombre,sabor,descripcion,precio,Foto) VALUES ('Nacho','Pastor','',90,'');
INSERT INTO mas_comidas(nombre,sabor,descripcion,precio,Foto) VALUES ('Nacho','Chuleta','',99,'');
INSERT INTO mas_comidas(nombre,sabor,descripcion,precio,Foto) VALUES ('Nacho','Arrachera','',99,'');
INSERT INTO mas_comidas(nombre,sabor,descripcion,precio,Foto) VALUES ('Nacho','Mixto','',109,'');
INSERT INTO mas_comidas(nombre,sabor,descripcion,precio,Foto) VALUES ('Nacho','Burritos','',70,'');

/**Desayunos**/

INSERT INTO mas_comidas(nombre,sabor,descripcion,precio,Foto) VALUES ('Desayuno','Huevos al gusto','',55,'');
INSERT INTO mas_comidas(nombre,sabor,descripcion,precio,Foto) VALUES ('Desayuno','Omelettes','',55,'');

/**Cervezas**/

INSERT INTO bebidas(nombre,sabor,descripcion,precio,Foto) VALUES ('Cerveza','Corona','355 ml',35,'');
INSERT INTO bebidas(nombre,sabor,descripcion,precio,Foto) VALUES ('Cerveza','Victoria','355 ml',35,'');
INSERT INTO bebidas(nombre,sabor,descripcion,precio,Foto) VALUES ('Cerveza','Modelo especial','1 litro',60,'');
INSERT INTO bebidas(nombre,sabor,descripcion,precio,Foto) VALUES ('Cerveza','Negra modelo','1 litro',60,'');

/**Micheladas**/

INSERT INTO bebidas(nombre,sabor,descripcion,precio,Foto) VALUES ('Michelada','Chamoy','Un litro',75,'');
INSERT INTO bebidas(nombre,sabor,descripcion,precio,Foto) VALUES ('Michelada','Tamarindo','355 ml',75,'');
INSERT INTO bebidas(nombre,sabor,descripcion,precio,Foto) VALUES ('Michelada','Mango','un litro con chile',75,'');
INSERT INTO bebidas(nombre,sabor,descripcion,precio,Foto) VALUES ('Michelada','Maracuya o piña','un litro con chile',75,'');

/**Bebidas no alcohólicas**/

INSERT INTO bebidas(nombre,sabor,descripcion,precio,Foto) VALUES ('Bebida','Aguas frescas','Un litro',25,'');
INSERT INTO bebidas(nombre,sabor,descripcion,precio,Foto) VALUES ('Bebida','Refrescos','355 ml',25,'');
INSERT INTO bebidas(nombre,sabor,descripcion,precio,Foto) VALUES ('Bebida','Agua','Un litro ',22,'');
INSERT INTO bebidas(nombre,sabor,descripcion,precio,Foto) VALUES ('Bebida','Suero','un litro',28,'');

/**Otros**/

INSERT INTO bebidas(nombre,sabor,descripcion,precio,Foto) VALUES ('Otro','Clamato Natural','',50,'');
INSERT INTO bebidas(nombre,sabor,descripcion,precio,Foto) VALUES ('Otro','Sangria','',70,'');
INSERT INTO bebidas(nombre,sabor,descripcion,precio,Foto) VALUES ('Otro','Sangria sin alcohol','',50,'');

/**NombresAntojitos**/

INSERT INTO nombres(nombre) VALUES ('Quesadilla'),('Alambre'),('Especialidad'),('Taco'),('Gringa'),('Torta');















